item,tag
ace barnes,lowes
lowes,lowes
the home depot,lowes
homedepot.com,lowes
fleetwood,food
pastry peddler,food
sweetwaters,food
panera,food
ypbor yan,food
knight's,food
culver's,food
bearclaw,food
zingerman's,food
avalon,food
jerusalem garden,food
tk wu,food
zola,food
taste kitchen,food
antonios cucina,food
frida,food
brome burger,food
tim horton's,food
tomukun,food
mighty good coffee,food
ihop,food
haagen-dazs,food
izakaya sanpei,food
songbird,food
bert's cafe,food
sadako,food
five guys,food
jolly pumpkin,food
starbucks,food
jimmy johns,food
little sheep mongolian,food
pinkberry,food
asian legend,food
yee siang dumplings,food
pizza,food
sunny oil,car house
RPS,car house
city of ann arbor,car house
bed bath,car house
dunning,car house
vesta,car house
dte,car house
AAA,car house
mich parking,car house
speedway,car house
art van,car house
west elm,car house
le creuset,car house
bestbuy,car house
target,car house
pottery barn,car house
williams-sonoma,car house
ptp,car house
muji,car house
hover,hobby
linode,hobby
digitalocean,hobby
ui8,hobby
invisionapp,hobby
wholefds,groceries
trader joe's,groceries
argus farm stop,groceries
busch's,groceries
samsclub,groceries
costco,groceries
kroger,groceries
hellofresh,groceries
archery,entertainment
google,entertainment
microsoft,entertainment
audible,entertainment
apl,entertainment
vault of midnight,entertainment
sanjoy,skincare
l occitane,skincare
sephora,skincare
kenta,skincare
dsw,fashion
bloomingdales,fashion
freepeople,fashion
mr porter,fashion
under armour,fashion
lululemon,fashion
everlane,fashion
nordstrom,fashion
disney store,fashion
adidas,fashion
m den,fashion
net-a-porter,fashion
speedo,fashion
sandro-paris,fashion
nm online,fashion
all saints,fashion
humane society,health
health system,health
yoga,health
rec sports,health
amazon,amazon
delta air,travel
springhill suites,travel
qwik park,travel
village hillcrest prkng,travel
enterprise rent-a-car,travel
linkedin,other
advance auto parts,car house
hover,other
